{"cameraMode":{"drawMode":0,"name":"Shaded","section":"Shading Mode"},"sceneLighting":true,"audioPlay":false,"sceneViewState":{"m_AlwaysRefresh":false,"showFog":true,"showSkybox":true,"showFlares":true,"showImageEffects":true,"showParticleSystems":true,"showVisualEffectGraphs":true,"m_FxEnabled":true},"in2DMode":false,"pivot":{"x":-24.803144454956056,"y":-18.957420349121095,"z":2.5651731491088869},"rotation":{"x":0.25558653473854067,"y":-0.6078767776489258,"z":0.21570469439029694,"w":0.7202264666557312},"size":20.508766174316408,"orthographic":false}