{"cameraMode":{"drawMode":0,"name":"Shaded","section":"Shading Mode"},"sceneLighting":true,"audioPlay":false,"sceneViewState":{"m_AlwaysRefresh":false,"showFog":true,"showSkybox":true,"showFlares":true,"showImageEffects":true,"showParticleSystems":true,"showVisualEffectGraphs":true,"m_FxEnabled":true},"in2DMode":false,"pivot":{"x":4.577543258666992,"y":0.8229703307151794,"z":0.9877498745918274},"rotation":{"x":0.22708235681056977,"y":0.6086696982383728,"z":-0.18762657046318055,"w":0.7367382049560547},"size":5.6660261154174809,"orthographic":false}